{
  "monsters": [
    {
      "name": "Red Dragon",
      "abilities": ["ranged", "melee"],
      "image": "",
      "token": "",
      "stats": {
        "world": ["Eros", "Styx"],
        "rangeToHit": 0.4,
        "rangeAtkMin": 2,
        "rangeAtkMax": 7,
        "rangeDamageType": "fire",
        "meleeToHit": 0.4,
        "meleeAtkMin": 2,
        "meleeAtkMax": 5,
        "meleeDamageType": "slashing",
        "thrownAccuracy": 0,
        "thrownAtkMin": 0,
        "thrownAtkMax": 0,
        "thrownDamageType": "",
        "defense": 0.06,
        "tech": 0,
        "health": 30
      }
    },
    {
      "name": "Green Dragon",
      "abilities": ["ranged", "melee"],
      "image": "",
      "token": "",
      "stats": {
        "world": ["Eros", "Styx", "Altuna"],
        "rangeToHit": 0.44,
        "rangeAtkMin": 4,
        "rangeAtkMax": 7,
        "rangeDamageType": "acid",
        "meleeToHit": 0.3,
        "meleeAtkMin": 3,
        "meleeAtkMax": 4,
        "meleeDamageType": "slashing",
        "thrownAccuracy": 0,
        "thrownAtkMin": 0,
        "thrownAtkMax": 0,
        "thrownDamageType": "",
        "defense": 0.07,
        "tech": 0,
        "health": 32
      }
    },
    {
      "name": "Blue Dragon",
      "abilities": ["ranged", "melee"],
      "image": "",
      "token": "",
      "stats": {
        "world": ["Damons", "Styx"],
        "rangeToHit": 0.3,
        "rangeAtkMin": 3,
        "rangeAtkMax": 5,
        "rangeDamageType": "cold",
        "meleeToHit": 0.45,
        "meleeAtkMin": 4,
        "meleeAtkMax": 8,
        "meleeDamageType": "slashing",
        "thrownAccuracy": 0,
        "thrownAtkMin": 0,
        "thrownAtkMax": 0,
        "thrownDamageType": "",
        "defense": 0.08,
        "tech": 0,
        "health": 38
      }
    },
    {
      "name": "Wendigo",
      "abilities": ["ranged", "melee"],
      "image": "",
      "token": "",
      "stats": {
        "world": ["Eros", "Romularus", "Magnum"],
        "rangeToHit": 0.36,
        "rangeAtkMin": 3,
        "rangeAtkMax": 6,
        "rangeDamageType": "spell",
        "meleeToHit": 0.45,
        "meleeAtkMin": 6,
        "meleeAtkMax": 8,
        "meleeDamageType": "slashing",
        "thrownAccuracy": 0,
        "thrownAtkMin": 0,
        "thrownAtkMax": 0,
        "thrownDamageType": "",
        "defense": 0.08,
        "tech": 0,
        "health": 36
      }
    },
    {
      "name": "Haelerion",
      "abilities": ["ranged", "melee", "special"],
      "image": "",
      "token": "",
      "stats": {
        "world": ["Ulysses", "Altuna"],
        "rangeToHit": 0.3,
        "rangeAtkMin": 2,
        "rangeAtkMax": 4,
        "rangeDamageType": "blaster",
        "meleeToHit": 0.5,
        "meleeAtkMin": 4,
        "meleeAtkMax": 7,
        "meleeDamageType": "slashing",
        "thrownAccuracy": 0,
        "thrownAtkMin": 0,
        "thrownAtkMax": 0,
        "thrownDamageType": "",
        "specialRounds": 1,
        "specialDefense": 0.2,
        "specialPercentage": 0.25,
        "special": "shield",
        "defense": 0.07,
        "tech": 0,
        "health": 35
      }
    },
    {
      "name": "Hive",
      "abilities": ["ranged", "melee"],
      "image": "",
      "token": "",
      "stats": {
        "world": ["Ulysses", "Magnum"],
        "rangeToHit": 0.5,
        "rangeAtkMin": 4,
        "rangeAtkMax": 8,
        "rangeDamageType": "acid",
        "meleeToHit": 0.35,
        "meleeAtkMin": 2,
        "meleeAtkMax": 5,
        "meleeDamageType": "piercing",
        "thrownAccuracy": 0,
        "thrownAtkMin": 0,
        "thrownAtkMax": 0,
        "thrownDamageType": "",
        "defense": 0.05,
        "tech": 0,
        "health": 32
      }
    },
    {
      "name": "Suinkin",
      "abilities": ["ranged", "melee"],
      "image": "",
      "token": "",
      "stats": {
        "world": ["Altuna", "Prim"],
        "rangeToHit": 0.3,
        "rangeAtkMin": 2,
        "rangeAtkMax": 3,
        "rangeDamageType": "spell",
        "meleeToHit": 0.45,
        "meleeAtkMin": 4,
        "meleeAtkMax": 7,
        "meleeDamageType": "slashing",
        "thrownAccuracy": 0,
        "thrownAtkMin": 0,
        "thrownAtkMax": 0,
        "thrownDamageType": "",
        "defense": 0.03,
        "tech": 0,
        "health": 40
      }
    },
    {
      "name": "Rapturous",
      "abilities": ["ranged", "melee"],
      "image": "",
      "token": "",
      "stats": {
        "world": ["Prim", "Damons", "Altuna"],
        "rangeToHit": 0.1,
        "rangeAtkMin": 1,
        "rangeAtkMax": 5,
        "rangeDamageType": "slashing",
        "meleeToHit": 0.5,
        "meleeAtkMin": 6,
        "meleeAtkMax": 9,
        "meleeDamageType": "slashing",
        "thrownAccuracy": 0,
        "thrownAtkMin": 0,
        "thrownAtkMax": 0,
        "thrownDamageType": "",
        "defense": 0.08,
        "tech": 0,
        "health": 36
      }
    },
    {
      "name": "Triplets",
      "abilities": ["ranged", "melee", "device"],
      "image": "",
      "token": "",
      "stats": {
        "world": ["Prim", "Acrux V"],
        "rangeToHit": 0.3,
        "rangeAtkMin": 2,
        "rangeAtkMax": 5,
        "rangeDamageType": "piercing",
        "meleeToHit": 0.5,
        "meleeAtkMin": 4,
        "meleeAtkMax": 7,
        "meleeDamageType": "bludgeoning",
        "thrownAccuracy": 0.3,
        "thrownAtkMin": 2,
        "thrownAtkMax": 4,
        "thrownDamageType": "explosive",
        "defense": 0.07,
        "tech": 0,
        "health": 38
      }
    },
    {
      "name": "Space Witch",
      "abilities": ["ranged", "melee", "device"],
      "image": "",
      "token": "",
      "stats": {
        "world": ["Acrux V"],
        "rangeToHit": 0.2,
        "rangeAtkMin": 2,
        "rangeAtkMax": 3,
        "rangeDamageType": "spell",
        "meleeToHit": 0.4,
        "meleeAtkMin": 4,
        "meleeAtkMax": 7,
        "meleeDamageType": "slashing",
        "thrownAccuracy": 0.4,
        "thrownAtkMin": 3,
        "thrownAtkMax": 6,
        "thrownDamageType": "explosive",
        "defense": 0.03,
        "tech": 0,
        "health": 28
      }
    },
    {
      "name": "Bodak",
      "abilities": ["ranged", "melee"],
      "image": "",
      "token": "",
      "stats": {
        "world": ["Romularus", "Altuna"],
        "rangeToHit": 0.4,
        "rangeAtkMin": 4,
        "rangeAtkMax": 7,
        "rangeDamageType": "sonic",
        "meleeToHit": 0.3,
        "meleeAtkMin": 2,
        "meleeAtkMax": 3,
        "meleeDamageType": "slashing",
        "thrownAccuracy": 0,
        "thrownAtkMin": 0,
        "thrownAtkMax": 0,
        "thrownDamageType": "",
        "defense": 0.04,
        "tech": 0,
        "health": 32
      }
    },
    {
      "name": "Bone Devil",
      "abilities": ["ranged", "melee"],
      "image": "",
      "token": "",
      "stats": {
        "world": ["Ulysses", "Styx"],
        "rangeToHit": 0.35,
        "rangeAtkMin": 2,
        "rangeAtkMax": 5,
        "rangeDamageType": "piercing",
        "meleeToHit": 0.4,
        "meleeAtkMin": 3,
        "meleeAtkMax": 5,
        "meleeDamageType": "slashing",
        "thrownAccuracy": 0,
        "thrownAtkMin": 0,
        "thrownAtkMax": 0,
        "thrownDamageType": "",
        "defense": 0.07,
        "tech": 0,
        "health": 35
      }
    },
    {
      "name": "Chimera",
      "abilities": ["ranged", "melee"],
      "image": "",
      "token": "",
      "stats": {
        "world": ["Eros", "Thrace", "Ulysses"],
        "rangeToHit": 0.42,
        "rangeAtkMin": 5,
        "rangeAtkMax": 7,
        "rangeDamageType": "fire",
        "meleeToHit": 0.45,
        "meleeAtkMin": 4,
        "meleeAtkMax": 6,
        "meleeDamageType": "bludgeoning",
        "thrownAccuracy": 0,
        "thrownAtkMin": 0,
        "thrownAtkMax": 0,
        "thrownDamageType": "",
        "defense": 0.07,
        "tech": 0,
        "health": 39
      }
    },
    {
      "name": "Dretch",
      "abilities": ["melee"],
      "image": "",
      "token": "",
      "stats": {
        "world": ["Romularus", "Magnum"],
        "rangeToHit": 0,
        "rangeAtkMin": 0,
        "rangeAtkMax": 0,
        "rangeDamageType": "",
        "meleeToHit": 0.5,
        "meleeAtkMin": 5,
        "meleeAtkMax": 9,
        "meleeDamageType": "bludgeoning",
        "thrownAccuracy": 0,
        "thrownAtkMin": 0,
        "thrownAtkMax": 0,
        "thrownDamageType": "",
        "defense": 0.08,
        "tech": 0,
        "health": 40
      }
    },
    {
      "name": "Fire Beetle",
      "abilities": ["ranged", "melee"],
      "image": "",
      "token": "",
      "stats": {
        "world": ["Thrace", "Eros"],
        "rangeToHit": 0.4,
        "rangeAtkMin": 4,
        "rangeAtkMax": 8,
        "rangeDamageType": "fire",
        "meleeToHit": 0.3,
        "meleeAtkMin": 2,
        "meleeAtkMax": 3,
        "meleeDamageType": "piercing",
        "thrownAccuracy": 0,
        "thrownAtkMin": 0,
        "thrownAtkMax": 0,
        "thrownDamageType": "",
        "defense": 0.07,
        "tech": 0,
        "health": 32
      }
    },
    {
      "name": "Cockatrice",
      "abilities": ["ranged", "melee"],
      "image": "",
      "token": "",
      "stats": {
        "world": ["Ulysses", "Eros", "Magnum"],
        "rangeToHit": 0.35,
        "rangeAtkMin": 4,
        "rangeAtkMax": 6,
        "rangeDamageType": "piercing",
        "meleeToHit": 0.38,
        "meleeAtkMin": 4,
        "meleeAtkMax": 5,
        "meleeDamageType": "slashing",
        "thrownAccuracy": 0,
        "thrownAtkMin": 0,
        "thrownAtkMax": 0,
        "thrownDamageType": "",
        "defense": 0.05,
        "tech": 0,
        "health": 35
      }
    },
    {
      "name": "Cloaker",
      "abilities": ["ranged", "melee"],
      "image": "",
      "token": "",
      "stats": {
        "world": ["Styx", "Thrace", "Medea", "Acrux V", "Altuna", "Magnum"],
        "rangeToHit": 0.3,
        "rangeAtkMin": 2,
        "rangeAtkMax": 5,
        "rangeDamageType": "piercing",
        "meleeToHit": 0.4,
        "meleeAtkMin": 4,
        "meleeAtkMax": 5,
        "meleeDamageType": "piercing",
        "thrownAccuracy": 0,
        "thrownAtkMin": 0,
        "thrownAtkMax": 0,
        "thrownDamageType": "",
        "defense": 0.02,
        "tech": 0,
        "health": 28
      }
    },
    {
      "name": "Dire Badger",
      "abilities": ["melee"],
      "image": "",
      "token": "",
      "stats": {
        "world": ["Thrace", "Altuna"],
        "rangeToHit": 0,
        "rangeAtkMin": 0,
        "rangeAtkMax": 0,
        "rangeDamageType": "",
        "meleeToHit": 0.44,
        "meleeAtkMin": 5,
        "meleeAtkMax": 8,
        "meleeDamageType": "slashing",
        "thrownAccuracy": 0,
        "thrownAtkMin": 0,
        "thrownAtkMax": 0,
        "thrownDamageType": "",
        "defense": 0.06,
        "tech": 0,
        "health": 32
      }
    },
    {
      "name": "Ethereal Marauder",
      "abilities": ["ranged", "melee"],
      "image": "",
      "token": "",
      "stats": {
        "world": ["Acrux V", "Thrace", "Medea"],
        "rangeToHit": 0.35,
        "rangeAtkMin": 4,
        "rangeAtkMax": 6,
        "rangeDamageType": "acid",
        "meleeToHit": 0.36,
        "meleeAtkMin": 4,
        "meleeAtkMax": 6,
        "meleeDamageType": "slashing",
        "thrownAccuracy": 0,
        "thrownAtkMin": 0,
        "thrownAtkMax": 0,
        "thrownDamageType": "",
        "defense": 0.06,
        "tech": 0,
        "health": 34
      }
    },
    {
      "name": "Ethereal Filcher",
      "abilities": ["ranged", "melee", "device"],
      "image": "",
      "token": "",
      "stats": {
        "world": ["Acrux V", "Thrace", "Prim"],
        "rangeToHit": 0.3,
        "rangeAtkMin": 2,
        "rangeAtkMax": 5,
        "rangeDamageType": "spell",
        "meleeToHit": 0.42,
        "meleeAtkMin": 3,
        "meleeAtkMax": 5,
        "meleeDamageType": "bludgeoning",
        "thrownAccuracy": 0.3,
        "thrownAtkMin": 3,
        "thrownAtkMax": 5,
        "thrownDamageType": "explosive",
        "defense": 0.05,
        "tech": 0,
        "health": 30
      }
    },
    {
      "name": "Earth Elemental",
      "abilities": ["ranged", "melee"],
      "image": "",
      "token": "",
      "stats": {
        "world": ["Thrace", "Prim"],
        "rangeToHit": 0.42,
        "rangeAtkMin": 5,
        "rangeAtkMax": 7,
        "rangeDamageType": "rock",
        "meleeToHit": 0.3,
        "meleeAtkMin": 5,
        "meleeAtkMax": 7,
        "meleeDamageType": "bludgeoning",
        "thrownAccuracy": 0,
        "thrownAtkMin": 0,
        "thrownAtkMax": 0,
        "thrownDamageType": "",
        "defense": 0.1,
        "tech": 0,
        "health": 39
      }
    },
    {
      "name": "Howler",
      "abilities": ["ranged", "melee"],
      "image": "",
      "token": "",
      "stats": {
        "world": ["Romularus", "Styx"],
        "rangeToHit": 0.42,
        "rangeAtkMin": 5,
        "rangeAtkMax": 8,
        "rangeDamageType": "acid",
        "meleeToHit": 0.35,
        "meleeAtkMin": 2,
        "meleeAtkMax": 4,
        "meleeDamageType": "bludgeoning",
        "thrownAccuracy": 0,
        "thrownAtkMin": 0,
        "thrownAtkMax": 0,
        "thrownDamageType": "",
        "defense": 0.05,
        "tech": 0,
        "health": 31
      }
    },
    {
      "name": "Mind Flayer",
      "abilities": ["ranged", "melee"],
      "image": "",
      "token": "",
      "stats": {
        "world": ["Styx", "Romularus", "Magnum", "Ulysses"],
        "rangeToHit": 0.46,
        "rangeAtkMin": 5,
        "rangeAtkMax": 9,
        "rangeDamageType": "spell",
        "meleeToHit": 0.2,
        "meleeAtkMin": 2,
        "meleeAtkMax": 4,
        "meleeDamageType": "slashing",
        "thrownAccuracy": 0,
        "thrownAtkMin": 0,
        "thrownAtkMax": 0,
        "thrownDamageType": "",
        "defense": 0.02,
        "tech": 0,
        "health": 40
      }
    },
    {
      "name": "Nalfeshnee",
      "abilities": ["ranged", "melee", "special"],
      "image": "",
      "token": "",
      "stats": {
        "world": ["Altuna", "Damons"],
        "rangeToHit": 0.2,
        "rangeAtkMin": 2,
        "rangeAtkMax": 4,
        "rangeDamageType": "spell",
        "meleeToHit": 0.42,
        "meleeAtkMin": 4,
        "meleeAtkMax": 7,
        "meleeDamageType": "bludgeoning",
        "thrownAccuracy": 0,
        "thrownAtkMin": 0,
        "thrownAtkMax": 0,
        "thrownDamageType": "",
        "defense": 0.09,
        "tech": 0,
        "special": "redirect ranged damage",
        "specialDefense": 0.22,
        "specialRounds": 1,
        "specialPercentage": 0.35,
        "health": 33
      }
    },
    {
      "name": "Ogre",
      "abilities": ["ranged", "melee"],
      "image": "",
      "token": "",
      "stats": {
        "world": ["Thrace", "Romularus", "Ulysses"],
        "rangeToHit": 0.3,
        "rangeAtkMin": 5,
        "rangeAtkMax": 7,
        "rangeDamageType": "rock",
        "meleeToHit": 0.42,
        "meleeAtkMin": 4,
        "meleeAtkMax": 7,
        "meleeDamageType": "bludgeoning",
        "thrownAccuracy": 0,
        "thrownAtkMin": 0,
        "thrownAtkMax": 0,
        "thrownDamageType": "",
        "defense": 0.08,
        "tech": 0,
        "health": 36
      }
    },
    {
      "name": "Stirge",
      "abilities": ["melee"],
      "image": "",
      "token": "",
      "stats": {
        "world": ["Ulysses", "Magnum"],
        "rangeToHit": 0,
        "rangeAtkMin": 0,
        "rangeAtkMax": 0,
        "rangeDamageType": "",
        "meleeToHit": 0.4,
        "meleeAtkMin": 3,
        "meleeAtkMax": 9,
        "meleeDamageType": "piercing",
        "thrownAccuracy": 0,
        "thrownAtkMin": 0,
        "thrownAtkMax": 0,
        "thrownDamageType": "",
        "defense": 0.09,
        "tech": 0,
        "health": 25
      }
    },
    {
      "name": "Azer",
      "abilities": ["ranged", "melee"],
      "image": "",
      "token": "",
      "stats": {
        "world": ["Styx", "Eros"],
        "rangeToHit": 0.37,
        "rangeAtkMin": 4,
        "rangeAtkMax": 5,
        "rangeDamageType": "fire",
        "meleeToHit": 0.38,
        "meleeAtkMin": 5,
        "meleeAtkMax": 6,
        "meleeDamageType": "bludgeoning",
        "thrownAccuracy": 0,
        "thrownAtkMin": 0,
        "thrownAtkMax": 0,
        "thrownDamageType": "",
        "defense": 0.07,
        "tech": 0,
        "health": 38
      }
    },
    {
      "name": "Dire Ape",
      "abilities": ["ranged", "melee"],
      "image": "",
      "token": "",
      "stats": {
        "world": ["Altuna", "Styx"],
        "rangeToHit": 0.33,
        "rangeAtkMin": 4,
        "rangeAtkMax": 6,
        "rangeDamageType": "rock",
        "meleeToHit": 0.43,
        "meleeAtkMin": 4,
        "meleeAtkMax": 7,
        "meleeDamageType": "bludgeoning",
        "thrownAccuracy": 0,
        "thrownAtkMin": 0,
        "thrownAtkMax": 0,
        "thrownDamageType": "",
        "defense": 0.07,
        "tech": 0,
        "health": 37
      }
    },
    {
      "name": "Allosaurus",
      "abilities": ["melee"],
      "image": "",
      "token": "",
      "stats": {
        "world": ["Ulysses", "Medea"],
        "rangeToHit": 0,
        "rangeAtkMin": 0,
        "rangeAtkMax": 0,
        "rangeDamageType": "",
        "meleeToHit": 0.44,
        "meleeAtkMin": 4,
        "meleeAtkMax": 9,
        "meleeDamageType": "slashing",
        "thrownAccuracy": 0,
        "thrownAtkMin": 0,
        "thrownAtkMax": 0,
        "thrownDamageType": "",
        "defense": 0.09,
        "tech": 0,
        "health": 44
      }
    },
    {
      "name": "Rust Monster",
      "abilities": ["ranged", "melee"],
      "image": "",
      "token": "",
      "stats": {
        "world": ["Medea", "Prim"],
        "rangeToHit": 0.32,
        "rangeAtkMin": 3,
        "rangeAtkMax": 5,
        "rangeDamageType": "slashing",
        "meleeToHit": 0.44,
        "meleeAtkMin": 3,
        "meleeAtkMax": 8,
        "meleeDamageType": "piercing",
        "thrownAccuracy": 0,
        "thrownAtkMin": 0,
        "thrownAtkMax": 0,
        "thrownDamageType": "",
        "defense": 0.05,
        "tech": 0,
        "health": 31
      }
    },
    {
      "name": "Bomber Beetle",
      "abilities": ["ranged", "melee"],
      "image": "",
      "token": "",
      "stats": {
        "world": ["Ulysses", "Acrux V"],
        "rangeToHit": 0.45,
        "rangeAtkMin": 5,
        "rangeAtkMax": 9,
        "rangeDamageType": "acid",
        "meleeToHit": 0.32,
        "meleeAtkMin": 3,
        "meleeAtkMax": 4,
        "meleeDamageType": "piercing",
        "thrownAccuracy": 0,
        "thrownAtkMin": 0,
        "thrownAtkMax": 0,
        "thrownDamageType": "",
        "defense": 0.06,
        "tech": 0,
        "health": 35
      }
    },
    {
      "name": "Demon",
      "abilities": ["ranged", "melee"],
      "image": "",
      "token": "",
      "stats": {
        "world": ["Medea", "Thrace", "Styx"],
        "rangeToHit": 0.35,
        "rangeAtkMin": 4,
        "rangeAtkMax": 6,
        "rangeDamageType": "fire",
        "meleeToHit": 0.41,
        "meleeAtkMin": 4,
        "meleeAtkMax": 7,
        "meleeDamageType": "bludgeoning",
        "thrownAccuracy": 0,
        "thrownAtkMin": 0,
        "thrownAtkMax": 0,
        "thrownDamageType": "",
        "defense": 0.07,
        "tech": 0,
        "health": 35
      }
    },
    {
      "name": "Devil",
      "abilities": ["ranged", "melee"],
      "image": "",
      "token": "",
      "stats": {
        "world": ["Ulysses", "Styx"],
        "rangeToHit": 0.43,
        "rangeAtkMin": 3,
        "rangeAtkMax": 8,
        "rangeDamageType": "piercing",
        "meleeToHit": 0.33,
        "meleeAtkMin": 3,
        "meleeAtkMax": 5,
        "meleeDamageType": "piercing",
        "thrownAccuracy": 0,
        "thrownAtkMin": 0,
        "thrownAtkMax": 0,
        "thrownDamageType": "",
        "defense": 0.05,
        "tech": 0,
        "health": 33
      }
    },
    {
      "name": "Beholder",
      "abilities": ["ranged", "melee"],
      "image": "",
      "token": "",
      "stats": {
        "world": ["Altuna"],
        "rangeToHit": 0.44,
        "rangeAtkMin": 6,
        "rangeAtkMax": 8,
        "rangeDamageType": "blaster",
        "meleeToHit": 0.34,
        "meleeAtkMin": 3,
        "meleeAtkMax": 4,
        "meleeDamageType": "bludgeoning",
        "thrownAccuracy": 0,
        "thrownAtkMin": 0,
        "thrownAtkMax": 0,
        "thrownDamageType": "",
        "defense": 0.08,
        "tech": 0,
        "health": 39
      }
    },
    {
      "name": "Gargoyle",
      "abilities": ["ranged", "melee"],
      "image": "",
      "token": "",
      "stats": {
        "world": ["Magnum", "Romularus"],
        "rangeToHit": 0.2,
        "rangeAtkMin": 4,
        "rangeAtkMax": 7,
        "rangeDamageType": "rock",
        "meleeToHit": 0.45,
        "meleeAtkMin": 5,
        "meleeAtkMax": 9,
        "meleeDamageType": "bludgeoning",
        "thrownAccuracy": 0,
        "thrownAtkMin": 0,
        "thrownAtkMax": 0,
        "thrownDamageType": "",
        "defense": 0.12,
        "tech": 0,
        "health": 44
      }
    },
    {
      "name": "Giant Worm",
      "abilities": ["ranged", "melee"],
      "image": "",
      "token": "",
      "stats": {
        "world": ["Altuna", "Eros"],
        "rangeToHit": 0.42,
        "rangeAtkMin": 6,
        "rangeAtkMax": 8,
        "rangeDamageType": "acid",
        "meleeToHit": 0.42,
        "meleeAtkMin": 4,
        "meleeAtkMax": 6,
        "meleeDamageType": "bludgeoning",
        "thrownAccuracy": 0,
        "thrownAtkMin": 0,
        "thrownAtkMax": 0,
        "thrownDamageType": "",
        "defense": 0.02,
        "tech": 0,
        "health": 50
      }
    },
    {
      "name": "Mummy",
      "abilities": ["ranged", "melee"],
      "image": "",
      "token": "",
      "stats": {
        "world": ["Styx", "Medea"],
        "rangeToHit": 0.3,
        "rangeAtkMin": 2,
        "rangeAtkMax": 5,
        "rangeDamageType": "piercing",
        "meleeToHit": 0.35,
        "meleeAtkMin": 4,
        "meleeAtkMax": 5,
        "meleeDamageType": "bludgeoning",
        "thrownAccuracy": 0,
        "thrownAtkMin": 0,
        "thrownAtkMax": 0,
        "thrownDamageType": "",
        "defense": 0.03,
        "tech": 0,
        "health": 30
      }
    },
    {
      "name": "Giant Mushroom",
      "abilities": ["ranged", "melee"],
      "image": "",
      "token": "",
      "stats": {
        "world": ["Altuna", "Magnum"],
        "rangeToHit": 0.35,
        "rangeAtkMin": 4,
        "rangeAtkMax": 7,
        "rangeDamageType": "acid",
        "meleeToHit": 0.35,
        "meleeAtkMin": 4,
        "meleeAtkMax": 5,
        "meleeDamageType": "bludgeoning",
        "thrownAccuracy": 0,
        "thrownAtkMin": 0,
        "thrownAtkMax": 0,
        "thrownDamageType": "",
        "defense": 0.07,
        "tech": 0,
        "health": 33
      }
    },
    {
      "name": "Giant Plant",
      "abilities": ["ranged", "melee"],
      "image": "",
      "token": "",
      "stats": {
        "world": ["Altuna", "Magnum"],
        "rangeToHit": 0.41,
        "rangeAtkMin": 2,
        "rangeAtkMax": 7,
        "rangeDamageType": "acid",
        "meleeToHit": 0.43,
        "meleeAtkMin": 2,
        "meleeAtkMax": 8,
        "meleeDamageType": "bludgeoning",
        "thrownAccuracy": 0,
        "thrownAtkMin": 0,
        "thrownAtkMax": 0,
        "thrownDamageType": "",
        "defense": 0.05,
        "tech": 0,
        "health": 38
      }
    },
    {
      "name": "Rock Elemental",
      "abilities": ["ranged", "melee"],
      "image": "",
      "token": "",
      "stats": {
        "world": ["Ulysses", "Styx"],
        "rangeToHit": 0.2,
        "rangeAtkMin": 5,
        "rangeAtkMax": 7,
        "rangeDamageType": "rock",
        "meleeToHit": 0.43,
        "meleeAtkMin": 6,
        "meleeAtkMax": 9,
        "meleeDamageType": "bludgeoning",
        "thrownAccuracy": 0,
        "thrownAtkMin": 0,
        "thrownAtkMax": 0,
        "thrownDamageType": "",
        "defense": 0.12,
        "tech": 0,
        "health": 39
      }
    },
    {
      "name": "Giant Spider",
      "abilities": ["ranged", "melee", "special"],
      "image": "",
      "token": "",
      "stats": {
        "world": ["Thrace", "Altuna"],
        "rangeToHit": 0.33,
        "rangeAtkMin": 2,
        "rangeAtkMax": 5,
        "rangeDamageType": "acid",
        "meleeToHit": 0.4,
        "meleeAtkMin": 2,
        "meleeAtkMax": 5,
        "meleeDamageType": "piercing",
        "thrownAccuracy": 0,
        "thrownAtkMin": 0,
        "thrownAtkMax": 0,
        "thrownDamageType": "",
        "defense": 0.05,
        "tech": 0,
        "specialRounds": 1,
        "specialSkip": 1,
        "specialPercentage": 0.33,
        "health": 32
      }
    },
    {
      "name": "Ooze",
      "abilities": ["ranged", "melee"],
      "image": "",
      "token": "",
      "stats": {
        "world": ["Magnum", "Eros"],
        "rangeToHit": 0.33,
        "rangeAtkMin": 2,
        "rangeAtkMax": 5,
        "rangeDamageType": "acid",
        "meleeToHit": 0.43,
        "meleeAtkMin": 4,
        "meleeAtkMax": 5,
        "meleeDamageType": "bludgeoning",
        "thrownAccuracy": 0,
        "thrownAtkMin": 0,
        "thrownAtkMax": 0,
        "thrownDamageType": "",
        "defense": 0.01,
        "tech": 0,
        "health": 40
      }
    },
    {
      "name": "Serpent Clan",
      "abilities": ["ranged", "melee"],
      "image": "",
      "token": "",
      "stats": {
        "world": ["Ulysses", "Altuna"],
        "rangeToHit": 0.36,
        "rangeAtkMin": 4,
        "rangeAtkMax": 7,
        "rangeDamageType": "acid",
        "meleeToHit": 0.41,
        "meleeAtkMin": 5,
        "meleeAtkMax": 7,
        "meleeDamageType": "piercing",
        "thrownAccuracy": 0,
        "thrownAtkMin": 0,
        "thrownAtkMax": 0,
        "thrownDamageType": "",
        "defense": 0.06,
        "tech": 0,
        "health": 30
      }
    },
    {
      "name": "Wrath",
      "abilities": ["ranged", "melee"],
      "image": "",
      "token": "",
      "stats": {
        "world": [
          "Thrace",
          "Eros",
          "Ulysses",
          "Styx",
          "Romularus",
          "Prim",
          "Medea",
          "Magnum",
          "Damons",
          "Altuna",
          "Acrux V"
        ],
        "rangeToHit": 0.36,
        "rangeAtkMin": 5,
        "rangeAtkMax": 7,
        "rangeDamageType": "necrotic",
        "meleeToHit": 0.42,
        "meleeAtkMin": 4,
        "meleeAtkMax": 5,
        "meleeDamageType": "bludgeoning",
        "thrownAccuracy": 0,
        "thrownAtkMin": 0,
        "thrownAtkMax": 0,
        "thrownDamageType": "",
        "defense": 0.02,
        "tech": 0,
        "health": 40
      }
    },
    {
      "name": "Mage",
      "abilities": ["ranged", "melee"],
      "image": "",
      "token": "",
      "stats": {
        "world": ["Thrace", "Eros"],
        "rangeToHit": 0.45,
        "rangeAtkMin": 6,
        "rangeAtkMax": 8,
        "rangeDamageType": "spell",
        "meleeToHit": 0.2,
        "meleeAtkMin": 2,
        "meleeAtkMax": 4,
        "meleeDamageType": "slashing",
        "thrownAccuracy": 0,
        "thrownAtkMin": 0,
        "thrownAtkMax": 0,
        "thrownDamageType": "",
        "defense": 0.03,
        "tech": 0,
        "health": 28
      }
    },
    {
      "name": "Blade Master",
      "abilities": ["ranged", "melee"],
      "image": "",
      "token": "",
      "stats": {
        "world": ["Styx", "Acrux V", "Magnum"],
        "rangeToHit": 0.2,
        "rangeAtkMin": 2,
        "rangeAtkMax": 4,
        "rangeDamageType": "blaster",
        "meleeToHit": 0.48,
        "meleeAtkMin": 5,
        "meleeAtkMax": 10,
        "meleeDamageType": "slashing",
        "thrownAccuracy": 0,
        "thrownAtkMin": 0,
        "thrownAtkMax": 0,
        "thrownDamageType": "",
        "defense": 0.08,
        "tech": 0,
        "health": 35
      }
    },
    {
      "name": "Agent",
      "abilities": ["ranged", "melee"],
      "image": "",
      "token": "",
      "stats": {
        "world": ["Thrace", "Acrux V", "Magnum"],
        "rangeToHit": 0.45,
        "rangeAtkMin": 7,
        "rangeAtkMax": 9,
        "rangeDamageType": "blaster",
        "meleeToHit": 0.3,
        "meleeAtkMin": 4,
        "meleeAtkMax": 5,
        "meleeDamageType": "bludgeoning",
        "thrownAccuracy": 0,
        "thrownAtkMin": 0,
        "thrownAtkMax": 0,
        "thrownDamageType": "",
        "defense": 0.07,
        "tech": 0,
        "health": 38
      }
    },
    {
      "name": "Ranger",
      "abilities": ["ranged", "melee"],
      "image": "",
      "token": "",
      "stats": {
        "world": ["Altuna", "Thrace"],
        "rangeToHit": 0.35,
        "rangeAtkMin": 3,
        "rangeAtkMax": 7,
        "rangeDamageType": "blaster",
        "meleeToHit": 0.35,
        "meleeAtkMin": 4,
        "meleeAtkMax": 6,
        "meleeDamageType": "slashing",
        "thrownAccuracy": 0,
        "thrownAtkMin": 0,
        "thrownAtkMax": 0,
        "thrownDamageType": "",
        "defense": 0.1,
        "tech": 0,
        "health": 40
      }
    },
    {
      "name": "Psycho",
      "abilities": ["ranged", "melee"],
      "image": "",
      "token": "",
      "stats": {
        "world": ["Acrux V", "Magnum"],
        "rangeToHit": 0.33,
        "rangeAtkMin": 3,
        "rangeAtkMax": 9,
        "rangeDamageType": "blaster",
        "meleeToHit": 0.5,
        "meleeAtkMin": 8,
        "meleeAtkMax": 9,
        "meleeDamageType": "slashing",
        "thrownAccuracy": 0,
        "thrownAtkMin": 0,
        "thrownAtkMax": 0,
        "thrownDamageType": "",
        "defense": 0.02,
        "tech": 0,
        "health": 50
      }
    },
    {
      "name": "Space Pirate",
      "abilities": ["ranged", "melee"],
      "image": "",
      "token": "",
      "stats": {
        "world": [
          "Thrace",
          "Eros",
          "Ulysses",
          "Styx",
          "Romularus",
          "Prim",
          "Medea",
          "Magnum",
          "Damons",
          "Altuna",
          "Acrux V"
        ],
        "rangeToHit": 0.42,
        "rangeAtkMin": 5,
        "rangeAtkMax": 8,
        "rangeDamageType": "blaster",
        "meleeToHit": 0.44,
        "meleeAtkMin": 6,
        "meleeAtkMax": 9,
        "meleeDamageType": "slashing",
        "thrownAccuracy": 0,
        "thrownAtkMin": 0,
        "thrownAtkMax": 0,
        "thrownDamageType": "",
        "defense": 0.05,
        "tech": 0,
        "health": 35
      }
    }
  ]
}
